{
  "mean_fake": -0.18360023282887078,
  "mean_real": 0.20960687022900765,
  "delta_fake_minus_real": -0.3932071030578784,
  "cohen_d_fake_vs_real": -0.5289748709820289
}