{
  "global": {
    "fake": {
      "mean": -0.18360023282887078,
      "ci_low": -0.23137229336437717,
      "ci_high": -0.13862118742724097,
      "n": 859
    },
    "real": {
      "mean": 0.20960687022900765,
      "ci_low": 0.10731603053435115,
      "ci_high": 0.3086324427480916,
      "n": 262
    },
    "all": {
      "mean": -0.09169991079393398,
      "ci_low": -0.1369177520071365,
      "ci_high": -0.04888322925958965,
      "n": 1121
    }
  },
  "by_source": {
    "Facebook": {
      "mean": -0.12641630434782608,
      "ci_low": -0.20186114130434782,
      "ci_high": -0.049798369565217396,
      "n": 368
    },
    "Instagram": {
      "mean": -0.28254999999999997,
      "ci_low": -0.975025,
      "ci_high": 0.46737500000000004,
      "n": 4
    },
    "KpMoldova": {
      "mean": 0.255925,
      "ci_low": -0.2561625,
      "ci_high": 0.7431125,
      "n": 8
    },
    "Noi.md": {
      "mean": -0.36962,
      "ci_low": -0.81817,
      "ci_high": 0.16343999999999997,
      "n": 10
    },
    "Sputnik": {
      "mean": -0.3119409090909091,
      "ci_low": -0.5884045454545455,
      "ci_high": -0.007422727272727272,
      "n": 22
    },
    "Telegram": {
      "mean": -0.17722919254658384,
      "ci_low": -0.29257950310559006,
      "ci_high": -0.06519130434782608,
      "n": 161
    },
    "TikTok": {
      "mean": -0.13495294117647058,
      "ci_low": -0.43423529411764705,
      "ci_high": 0.1650764705882353,
      "n": 17
    },
    "Unknown": {
      "mean": -0.16810384615384616,
      "ci_low": -0.3167317307692308,
      "ci_high": -0.007790384615384616,
      "n": 104
    },
    "YouTube": {
      "mean": -0.33897164179104483,
      "ci_low": -0.4449858208955224,
      "ci_high": -0.23306044776119403,
      "n": 134
    },
    "kp.md": {
      "mean": -0.018666666666666665,
      "ci_low": -0.3596333333333333,
      "ci_high": 0.32805833333333334,
      "n": 12
    },
    "newsmakerlive": {
      "mean": -0.5896399999999999,
      "ci_low": -0.8817999999999999,
      "ci_high": -0.24028,
      "n": 5
    },
    "nokta_md": {
      "mean": -0.3327294117647059,
      "ci_low": -0.6114294117647059,
      "ci_high": -0.051676470588235296,
      "n": 17
    },
    "stiri.md": {
      "mean": 0.23638166666666666,
      "ci_low": 0.12348708333333333,
      "ci_high": 0.34335375,
      "n": 240
    },
    "tv8md": {
      "mean": -0.101275,
      "ci_low": -0.4559583333333333,
      "ci_high": 0.2751,
      "n": 12
    },
    "zdgmd": {
      "mean": 0.05895714285714287,
      "ci_low": -0.5935285714285714,
      "ci_high": 0.5831142857142858,
      "n": 7
    }
  },
  "by_language": {
    "ro": {
      "mean": -0.058316845180136315,
      "ci_low": -0.10487195715676728,
      "ci_high": -0.013741090555014605,
      "n": 1027
    },
    "ru": {
      "mean": -0.4564276595744681,
      "ci_low": -0.5725180851063829,
      "ci_high": -0.3467351063829787,
      "n": 94
    }
  }
}